{"cameraMode":{"drawMode":0,"name":"Shaded","section":"Shading Mode"},"sceneLighting":true,"audioPlay":false,"sceneViewState":{"showFog":true,"showMaterialUpdate":false,"showSkybox":true,"showFlares":true,"showImageEffects":true,"showParticleSystems":true},"in2DMode":false,"pivot":{"x":7.989999771118164,"y":28.99952507019043,"z":1.5},"rotation":{"x":0.03551216050982475,"y":-0.16266733407974244,"z":0.005858900025486946,"w":0.9860243201255798},"size":113.10456848144531,"orthographic":false}